{
  "meta": {
    "total_orders": 17,
    "generated_at": "2025-10-24T06:43:35.669921"
  },
  "order_value": {
    "mean": 723.2364705882353,
    "median": 545.71,
    "std": 788.0864124009959,
    "min": 105.65,
    "max": 3657.84,
    "percentile_25": 332.05,
    "percentile_75": 671.76,
    "percentile_90": 1066.75
  },
  "shipping": {
    "mean": 139.26764705882354,
    "median": 120.0,
    "std": 113.3053284417251,
    "min": 50.0,
    "max": 470.0,
    "percentile_25": 50.0,
    "percentile_75": 170.0,
    "percentile_90": 272.34600000000006
  },
  "customs": {
    "mean": 153.1462345458059,
    "median": 105.0,
    "std": 222.91582258155753,
    "min": 10.0,
    "max": 985.2981691587,
    "percentile_25": 50.0,
    "percentile_75": 143.4721405,
    "percentile_90": 255.15707522800005
  },
  "hlf_total": {
    "mean": 294.0021168882353,
    "median": 237.0,
    "std": 317.699657146333,
    "min": 60.0,
    "max": 1455.298169,
    "percentile_25": 100.0,
    "percentile_75": 302.5027215,
    "percentile_90": 476.82623152
  },
  "hlf_percentage": {
    "mean": 46.16412426723076,
    "median": 46.276754113282216,
    "std": 24.67654622642527,
    "min": 15.225471317898887,
    "max": 115.62358916026214,
    "percentile_25": 26.12355473852257,
    "percentile_75": 56.115837951760206,
    "percentile_90": 70.96806586461376
  },
  "vat_rate": 0.18
}